{
  "train_loss": [
    0.4270369548488546,
    0.2874343932410817,
    0.2209898093600332,
    0.17611055628017144,
    0.15129376671932362,
    0.1352005461115896,
    0.12898997612941412,
    0.11987980482754884,
    0.11631420052345888,
    0.11306120657626494,
    0.1085414864398815,
    0.10685000485844082,
    0.11422895189420676,
    0.11098256486433523,
    0.11002610403078573
  ],
  "val_loss": [
    0.2521816583780142,
    0.199544383929326,
    0.16400817265877357,
    0.16193847472851092,
    0.13898862325228178,
    0.13172902510716364,
    0.12253881417787992,
    0.13427797647622916,
    0.12277519702911377,
    0.11827150674966666,
    0.11709414537136371,
    0.11917458589260395,
    0.1267269803927495,
    0.12021760757152851,
    0.11185178848413321
  ],
  "val_dice": [
    0.8162875080108642,
    0.8485964417457581,
    0.8647799587249756,
    0.8558689737319947,
    0.8711862850189209,
    0.8729904079437256,
    0.8815177607536316,
    0.8696216773986817,
    0.881457576751709,
    0.8858354139328003,
    0.8872902274131775,
    0.8848623895645141,
    0.8752549147605896,
    0.8820120191574097,
    0.889000482559204
  ],
  "val_iou": [
    0.7108364152908325,
    0.750263192653656,
    0.7741818428039551,
    0.7648609519004822,
    0.7844670152664185,
    0.7874493312835693,
    0.7991847491264343,
    0.778507604598999,
    0.7978000283241272,
    0.8043478703498841,
    0.8071786427497863,
    0.8028357458114624,
    0.7892278051376342,
    0.7984573578834534,
    0.8115468788146972
  ]
}