{
  "train_loss": [
    0.039292428757489464,
    0.027068932445857813,
    0.0218900553824633,
    0.019821476927142083,
    0.01845233566932564,
    0.016842626702086427,
    0.016214089521298897,
    0.05554743233585247,
    0.04884064100958683,
    0.0437699284657468,
    0.03873518999252054,
    0.03620559557766458,
    0.03506977768200967,
    0.033284206558478836,
    0.03272807871761881
  ],
  "val_loss": [
    0.028921390382143166,
    0.02401333424047782,
    0.0713818372728733,
    0.020115712514290444,
    0.018204839541935004,
    0.018115656450390816,
    0.017087755868068107,
    0.046796803577588156,
    0.04210346808227209,
    0.04999169220144932,
    0.061979458595697694,
    0.04591501905367924,
    0.04237961009717905,
    0.039020926476671144,
    0.042024820613173336
  ],
  "val_dice": [
    0.7585022589215078,
    0.8321186923980712,
    0.04251149105955847,
    0.8468940448760987,
    0.8462306976318359,
    0.8657561707496643,
    0.8634178018569947,
    0.7158870577812195,
    0.4817367148399353,
    0.00012566049699671566,
    0.00012566049699671566,
    0.20903482675552368,
    0.32420143723487854,
    0.44457486510276795,
    0.35116512298583985
  ],
  "val_iou": [
    0.6778897758969106,
    0.7552436947822571,
    0.038200743637280536,
    0.7713366580009461,
    0.7668861055374145,
    0.7960959959030152,
    0.7932746410369873,
    0.5930295348167419,
    0.38126260876655577,
    0.00012566049699671566,
    0.00012566049699671566,
    0.14984566381201148,
    0.24302670747041702,
    0.35436722278594973,
    0.26780993700027467
  ]
}