{
  "train_loss": [
    0.5394699190869744,
    0.4615913073957702,
    0.3946314306906712,
    0.6129895960107262,
    0.6309678201322202,
    0.5065676185451908,
    0.49441818672197835,
    0.47908595903420154,
    0.4595237251049207,
    0.4574656797412001,
    0.444591760635376,
    0.4434788767938261,
    0.44167058629754147,
    0.4576834592922234,
    0.45225047918013583
  ],
  "val_loss": [
    0.4195870069357065,
    0.3543352759801425,
    0.23812771760500395,
    0.5823524731856126,
    0.43765732875237096,
    0.4348483727528499,
    0.400147217970628,
    0.45586852385447574,
    0.3616271202380841,
    0.3362332903421842,
    0.34051559980099017,
    0.32989021906485927,
    0.326192360657912,
    0.3489044262812688,
    0.41565685547315157
  ],
  "val_dice": [
    0.7791275835037231,
    0.8096193146705627,
    0.8434785580635071,
    0.4166491436958313,
    0.6210104703903199,
    0.6102832388877869,
    0.6753462290763855,
    0.5870129036903381,
    0.7198469352722168,
    0.7505651354789734,
    0.7603316831588746,
    0.7693280220031739,
    0.771823616027832,
    0.7172069597244263,
    0.6335361123085022
  ],
  "val_iou": [
    0.6620372772216797,
    0.7049296426773072,
    0.7494783782958985,
    0.2968139070272446,
    0.4962084054946899,
    0.4883003330230713,
    0.5599520254135132,
    0.4822364377975464,
    0.6055290508270263,
    0.6483580827713012,
    0.6583845281600952,
    0.6650299215316773,
    0.6685020303726197,
    0.6136984872817993,
    0.5319352197647095
  ]
}