{
  "train_loss": [
    0.4625543694437286,
    0.38115201899666845,
    0.33040301418966717,
    0.2889718669984076,
    0.25919869555919256,
    0.23553824581113864,
    0.22055375274776676,
    0.48567986617117753,
    0.5658741777325854,
    0.5047830170319404,
    0.5087816155987022,
    0.47851944742379365,
    0.4629009680615531,
    0.49221313652800924,
    0.45091812248215263
  ],
  "val_loss": [
    0.3543970974592062,
    0.34057745108237636,
    0.24416114504520708,
    0.2463794075525724,
    0.8100964140433532,
    0.21216342540887687,
    0.20240184664726257,
    0.5492097162283384,
    0.5807308623423943,
    0.5377870064515334,
    0.7615564465522766,
    0.7547757717279288,
    0.8371391479785626,
    0.7610917595716623,
    0.5349726298680673
  ],
  "val_dice": [
    0.7872178268432617,
    0.7947345304489136,
    0.8659706640243531,
    0.8616758155822754,
    0.10570465680444613,
    0.8741807556152343,
    0.8747398734092713,
    0.5056555795669556,
    0.3798745083808899,
    0.6282611632347107,
    0.33937929511070253,
    0.09019552108133212,
    0.00012566049699671566,
    0.03089704953599721,
    0.3977523982524872
  ],
  "val_iou": [
    0.6670586562156677,
    0.6875995111465454,
    0.7769860696792602,
    0.774556131362915,
    0.08136340704048052,
    0.7915278625488281,
    0.7913101863861084,
    0.3892118895053864,
    0.2937482106685638,
    0.5090949487686157,
    0.2484588670730591,
    0.06426821168744937,
    0.00012566049699671566,
    0.018067049463279545,
    0.3243299961090088
  ]
}