{
  "train_loss": [
    0.3847859795262784,
    0.2589790009330084,
    0.2132807873695353,
    0.18954114675705816,
    0.17376600350770685,
    0.1567093289491755,
    0.13918026962122063,
    0.12975798958889495,
    0.12518294735087288,
    0.12069309394760633,
    0.11083599979080903,
    0.10996268773566426,
    0.10619821177542578,
    0.10639154084348752,
    0.1172774014879524
  ],
  "val_loss": [
    0.26838526129722595,
    0.21509283207930052,
    0.17488657110012495,
    0.173849697296436,
    0.1613059198627105,
    0.15889072360900733,
    0.17216616009290403,
    0.14197455977018064,
    0.15655332574477562,
    0.1466279774904251,
    0.1456159702860392,
    0.1404627189040184,
    0.1461691982471026,
    0.14528384804725647,
    0.14964019736418357
  ],
  "val_dice": [
    0.8232829809188843,
    0.8457752013206482,
    0.8780924749374389,
    0.8707249546051026,
    0.88296621799469,
    0.8802987456321716,
    0.8696904754638672,
    0.8935077810287475,
    0.8792570424079895,
    0.8848237943649292,
    0.8844814825057984,
    0.8872145414352417,
    0.8856604838371277,
    0.8841608190536498,
    0.8837839078903198
  ],
  "val_iou": [
    0.7172309446334839,
    0.7463627958297729,
    0.7947581839561463,
    0.7852158856391906,
    0.8034288501739502,
    0.7967824983596802,
    0.7787461638450622,
    0.818105890750885,
    0.7946045970916749,
    0.8043259835243225,
    0.8021887278556824,
    0.8074178743362427,
    0.8047997808456421,
    0.8022873282432557,
    0.8012128973007202
  ]
}