{
  "train_loss": [
    0.2721961748866755,
    0.19870192120656555,
    0.18166251048261736,
    0.16955132221366154,
    0.15816824156561016,
    0.1483069133059478,
    0.14282295941432685,
    0.13537352209059914,
    0.15872077712858165,
    0.1420569239575186,
    0.13185720834421155,
    0.12036798811621136,
    0.10992794037785059,
    0.104734006245839,
    0.09945449358381239
  ],
  "val_loss": [
    0.18672605661245492,
    0.17959588135664278,
    0.18829985879934752,
    0.17849411242283308,
    0.16426992760254785,
    0.15953043332466713,
    0.1581894698051306,
    0.15212031797720835,
    0.17876162379980087,
    0.14516474879704988,
    0.14638873705497155,
    0.1395464287354396,
    0.1283740716484877,
    0.14690043433354452,
    0.12662669328542855
  ],
  "val_dice": [
    0.8599147272109985,
    0.8635518026351928,
    0.8527172088623047,
    0.8683389091491699,
    0.8714543867111206,
    0.8746828126907349,
    0.8773474860191345,
    0.8803414630889893,
    0.858999502658844,
    0.8887837314605713,
    0.886723690032959,
    0.8852194166183471,
    0.8954218053817748,
    0.8819183921813964,
    0.8978055191040039
  ],
  "val_iou": [
    0.772946081161499,
    0.7778099250793457,
    0.7666219401359559,
    0.7836445784568786,
    0.7826806497573853,
    0.788239529132843,
    0.7927211284637451,
    0.7961154365539551,
    0.7680708479881286,
    0.8103413200378418,
    0.808340106010437,
    0.8048125958442688,
    0.8209538936614991,
    0.798695695400238,
    0.8236888837814331
  ]
}