{
  "train_loss": [
    0.42370439569155377,
    0.24903045576295735,
    0.5174437805458352,
    0.45029486899758564,
    0.47634928425153095,
    0.505386162687231,
    0.5335036427886398,
    0.5289621476405932,
    0.6704433503342263,
    0.7195202231775095,
    0.7242212194351503,
    0.7307388050320708,
    0.7356999238700043,
    0.625220478132919,
    0.6567226606018749
  ],
  "val_loss": [
    0.4403473413907565,
    0.15553816923728356,
    0.8231908770707937,
    0.4187871492826022,
    0.40815959526942325,
    0.3837042450904846,
    0.6254688088710492,
    0.38285268270052397,
    0.5285640679872953,
    0.6034379876576937,
    0.540071175648616,
    0.5905029636162978,
    0.5959562521714431,
    0.5113043830944941,
    0.6511209469575149
  ],
  "val_dice": [
    0.593346495628357,
    0.8520991349220276,
    0.0711942857503891,
    0.650721549987793,
    0.61570063829422,
    0.6245582699775696,
    0.3700022542476654,
    0.621954128742218,
    0.4860160231590271,
    0.39263575196266176,
    0.4729998373985291,
    0.40944838762283325,
    0.4176330542564392,
    0.5511068868637085,
    0.347338575720787
  ],
  "val_iou": [
    0.5094008654356003,
    0.7566792917251587,
    0.04257167473435402,
    0.5304105019569397,
    0.48754454374313355,
    0.5151748442649842,
    0.2843689626455307,
    0.5159795928001404,
    0.3564943552017212,
    0.2737522888183594,
    0.34520309686660766,
    0.28632696986198425,
    0.3102636218070984,
    0.425252583026886,
    0.2555234009027481
  ]
}