{
  "train_loss": [
    0.32195257409303274,
    0.21098167955139538,
    0.18994021960706622,
    0.1687002210981316,
    0.14880720949099388,
    0.1314835754326648,
    0.12396718329393569,
    0.11234528763380683,
    0.1068668719266116,
    0.10250199913840603,
    0.09571723530735866,
    0.09218860189947817,
    0.09180046389178362,
    0.10637604007152496,
    0.1076163921252261
  ],
  "val_loss": [
    0.20570645653284514,
    0.17132931661147338,
    0.15429178052223647,
    0.1416620251077872,
    0.13995673794012803,
    0.13456376470052278,
    0.14620622992515564,
    0.13540402169410998,
    0.1397131704367124,
    0.14618590416816565,
    0.14149940529694924,
    0.13001006898971704,
    0.13333316720449007,
    0.1276781243773607,
    0.1326984350497906
  ],
  "val_dice": [
    0.8536194324493408,
    0.8695482349395752,
    0.8867951536178589,
    0.8919972562789917,
    0.8919152450561524,
    0.8948636484146119,
    0.8854429006576539,
    0.8905155754089356,
    0.8909440946578979,
    0.8877520322799682,
    0.8913528227806091,
    0.8990890669822693,
    0.8952213096618652,
    0.8966668844223022,
    0.8936269974708557
  ],
  "val_iou": [
    0.7606512022018432,
    0.7859288835525513,
    0.8104897570610047,
    0.8164380049705505,
    0.8159079694747925,
    0.8199017858505249,
    0.8073294878005981,
    0.814595775604248,
    0.8125192737579345,
    0.8061193895339965,
    0.8138208675384522,
    0.8259038662910462,
    0.8194834756851196,
    0.8241484069824219,
    0.8178311085700989
  ]
}