{
  "train_loss": [
    0.0262893210625115,
    0.02060744977257226,
    0.01913028378844445,
    0.051876104787497976,
    0.048585719641665984,
    0.05820439851923305,
    0.05707762902027663,
    0.06119318535827376,
    0.06277646656136637,
    0.061150353867560625,
    0.05291884381002114,
    0.05239117210500954,
    0.05149698839235453,
    0.046354763250062124,
    0.04620157083335482
  ],
  "val_loss": [
    0.07245082128793001,
    0.021293106202322703,
    0.047744394781497806,
    0.0625853707584051,
    0.06395443844107482,
    0.07013565273239063,
    0.06929402139324409,
    0.12810115659466156,
    0.14856350421905518,
    0.2717267893827878,
    0.1823431901060618,
    0.3614510561411197,
    0.39578688259308153,
    0.04943083169368597,
    0.048457596164483294
  ],
  "val_dice": [
    0.10792716766358353,
    0.7914438223838807,
    0.3418628078699112,
    0.06285904616117477,
    0.010197905051754788,
    0.023587767629651354,
    0.03024370724277105,
    0.5969713306427002,
    0.5978784084320068,
    0.00012565617391373962,
    0.0001249745354289189,
    0.0001256602758076042,
    0.00012566016579512507,
    0.28469378024339675,
    0.3616509330272675
  ],
  "val_iou": [
    0.09142822201014496,
    0.7040067911148071,
    0.26883757427334787,
    0.03387686111032963,
    0.005594644389348104,
    0.014391038686735556,
    0.019574638576596044,
    0.4720048499107361,
    0.4744915151596069,
    0.00012565617391373962,
    0.0001249745354289189,
    0.0001256602758076042,
    0.00012566016579512507,
    0.21437636256217957,
    0.2762161752581596
  ]
}