{
  "train_loss": [
    0.502238109063955,
    0.40548433717570187,
    0.33815522910452184,
    0.28448806624905565,
    0.45467119811125745,
    0.39328622831790533,
    0.3958411175803638,
    0.3841322734032148,
    0.38835253975825546,
    0.377491256153142,
    0.381353525881782,
    0.37994023104324753,
    0.46060052132348955,
    0.7740533460437515,
    0.7674793277257754
  ],
  "val_loss": [
    0.3810631105533013,
    0.33399721063100374,
    0.3134282265718167,
    0.2557006122974249,
    0.6615715164404649,
    0.6233307329507974,
    0.6661994205071375,
    0.5590721254165356,
    0.5983218458982614,
    0.5031513938537011,
    0.48207393059363735,
    0.458280826990421,
    1.4476623443456798,
    1.473904508810777,
    1.5084594396444468
  ],
  "val_dice": [
    0.8209673070907593,
    0.8145613765716553,
    0.8293765735626221,
    0.8406384229660034,
    0.5829986572265625,
    0.6300239324569702,
    0.5643954277038574,
    0.6284579753875732,
    0.5628699040412903,
    0.6520348453521728,
    0.6571052885055542,
    0.6650500798225403,
    0.2257196342945099,
    0.21578694343566895,
    0.2129303365945816
  ],
  "val_iou": [
    0.7282020902633667,
    0.7105352210998536,
    0.7272646331787109,
    0.7488838791847229,
    0.4439494824409485,
    0.4983955359458923,
    0.4296168112754822,
    0.49199643135070803,
    0.4259892272949219,
    0.5173638081550598,
    0.5219776082038879,
    0.5298425817489624,
    0.15095726862549783,
    0.14243323221802712,
    0.14156099781394005
  ]
}