{
  "train_loss": [
    0.03646133791218385,
    0.023301275794819734,
    0.019679849547690448,
    0.01824102547583113,
    0.017117454620066707,
    0.062305453670337616,
    0.04872667470395013,
    0.04246175429427329,
    0.03781361927358824,
    0.0393440471559671,
    0.03450516306645708,
    0.03264898686658269,
    0.03287772289879712,
    0.030969703472276896,
    0.03058429100309257
  ],
  "val_loss": [
    0.02636212669312954,
    0.02102250512689352,
    0.03768837788643745,
    0.01924780226097657,
    0.01794625224115757,
    0.04344500887852449,
    0.05114247248722957,
    0.046201726278433435,
    0.07542285437767322,
    0.04586010397626804,
    0.04990431207876939,
    0.04720205197540613,
    0.04391191269342716,
    0.04120300810497541,
    0.03932398930191994
  ],
  "val_dice": [
    0.753393473625183,
    0.8326026725769043,
    0.821823172569275,
    0.8413628101348877,
    0.8485391855239868,
    0.337224149107933,
    0.03715678805252537,
    0.4687201714515686,
    0.00012566049699671566,
    0.34993611335754393,
    0.0004334859224036336,
    0.3688867181539536,
    0.39006279230117796,
    0.4191048514842987,
    0.5031236588954926
  ],
  "val_iou": [
    0.6650931882858276,
    0.7557867097854615,
    0.7283100199699402,
    0.7697398972511291,
    0.7748093533515931,
    0.25350664496421815,
    0.025117205176502466,
    0.3705084538459778,
    0.00012566049699671566,
    0.2648682254552841,
    0.00028198086190968754,
    0.2880497771501541,
    0.3043531841039658,
    0.3342332577705383,
    0.41185014009475707
  ]
}