{
  "model": "unet_resnet50",
  "checkpoint": "models\\best_unet_resnet50.pth",
  "split": "test",
  "num_samples": 1000,
  "aggregated_metrics": {
    "dice": 0.8721115012168884,
    "iou": 0.7940907344818116,
    "accuracy": 0.9276488189697265,
    "sensitivity": 0.9267581739425659,
    "specificity": 0.9353742985725403
  },
  "per_sample_summary": {
    "dice": {
      "mean": 0.8721101231702414,
      "std": 0.14127731420435158,
      "min": 1.611188054084778e-05,
      "max": 0.9914746880531311
    },
    "iou": {
      "mean": 0.7940907253489641,
      "std": 0.16978142780919978,
      "min": 1.611188054084778e-05,
      "max": 0.9830935001373291
    },
    "accuracy": {
      "mean": 0.9276488189697265,
      "std": 0.1091717995783949,
      "min": 0.019287109375,
      "max": 0.9989013671875
    },
    "sensitivity": {
      "mean": 0.9267581720612986,
      "std": 0.16377546752306982,
      "min": 1.6112140918331241e-12,
      "max": 1.0
    },
    "specificity": {
      "mean": 0.9353743019799826,
      "std": 0.10188574342474749,
      "min": 1.4285713945128009e-08,
      "max": 1.0
    }
  }
}