{
  "model": "swin_unet",
  "checkpoint": "models\\best_swin_unet.pth",
  "split": "test",
  "num_samples": 40,
  "aggregated_metrics": {
    "dice": 0.8831655859947205,
    "iou": 0.8081453561782836,
    "accuracy": 0.9493648529052734,
    "sensitivity": 0.9682858705520629,
    "specificity": 0.932023537158966
  },
  "per_sample_summary": {
    "dice": {
      "mean": 0.8831655763089656,
      "std": 0.12335564179569401,
      "min": 0.34661170840263367,
      "max": 0.9861529469490051
    },
    "iou": {
      "mean": 0.8081453546881676,
      "std": 0.15873070813786735,
      "min": 0.2096494436264038,
      "max": 0.972684383392334
    },
    "accuracy": {
      "mean": 0.9493648529052734,
      "std": 0.0800028535068897,
      "min": 0.610565185546875,
      "max": 0.9986724853515625
    },
    "sensitivity": {
      "mean": 0.9682858616113663,
      "std": 0.07639486807011706,
      "min": 0.6339021325111389,
      "max": 1.0
    },
    "specificity": {
      "mean": 0.9320235379040241,
      "std": 0.10989053255877171,
      "min": 0.48509976267814636,
      "max": 0.9996029734611511
    }
  }
}