{
  "model": "swin_unet",
  "checkpoint": "models\\best_swin_unet.pth",
  "split": "val",
  "num_samples": 100,
  "aggregated_metrics": {
    "dice": 0.8970900964736939,
    "iou": 0.8259567999839783,
    "accuracy": 0.9464242553710938,
    "sensitivity": 0.9649566984176636,
    "specificity": 0.9339654803276062
  },
  "per_sample_summary": {
    "dice": {
      "mean": 0.8970901036262512,
      "std": 0.1038187610776988,
      "min": 0.3472183644771576,
      "max": 0.9869663715362549
    },
    "iou": {
      "mean": 0.825956806987524,
      "std": 0.1352194266714699,
      "min": 0.2100885808467865,
      "max": 0.9742695093154907
    },
    "accuracy": {
      "mean": 0.9464242553710938,
      "std": 0.07337559242789717,
      "min": 0.3536529541015625,
      "max": 0.997772216796875
    },
    "sensitivity": {
      "mean": 0.9649567021429539,
      "std": 0.09296036234269286,
      "min": 0.21007384359836578,
      "max": 1.0
    },
    "specificity": {
      "mean": 0.9339655011892318,
      "std": 0.08359227904345744,
      "min": 0.6038954854011536,
      "max": 1.0
    }
  }
}