{
  "model": "swin_unet",
  "checkpoint": "models\\best_swin_unet.pth",
  "split": "test",
  "num_samples": 1000,
  "aggregated_metrics": {
    "dice": 0.8919834399223328,
    "iou": 0.8174779996871948,
    "accuracy": 0.9386861877441406,
    "sensitivity": 0.9611745886802673,
    "specificity": 0.9138038377761841
  },
  "per_sample_summary": {
    "dice": {
      "mean": 0.891983446508646,
      "std": 0.10317186958306947,
      "min": 0.1327504813671112,
      "max": 0.9994351267814636
    },
    "iou": {
      "mean": 0.8174779971763492,
      "std": 0.13583431832377985,
      "min": 0.07114411890506744,
      "max": 0.998870849609375
    },
    "accuracy": {
      "mean": 0.9386861877441406,
      "std": 0.08316596738517668,
      "min": 0.1612091064453125,
      "max": 0.998870849609375
    },
    "sensitivity": {
      "mean": 0.9611745906621217,
      "std": 0.10042723692449068,
      "min": 0.10158324986696243,
      "max": 1.0
    },
    "specificity": {
      "mean": 0.913803839909008,
      "std": 0.14786694063401834,
      "min": 3.3783784103569303e-10,
      "max": 1.0
    }
  }
}