{
  "train_loss": [
    0.044442037844823465,
    0.02584707561052508,
    0.021652384609397914,
    0.01915481518149192,
    0.017396567981506204,
    0.016120970249176025,
    0.014956107151832569,
    0.014454202663245392,
    0.014430292184970536,
    0.013699265534667597,
    0.049074734561145306,
    0.04135578929987035,
    0.03820043207249708,
    0.0399429559259227,
    0.038612096610674516
  ],
  "val_loss": [
    0.06055047878852257,
    0.023044602730526373,
    0.023324422395000093,
    0.046414295641275555,
    0.023198683029757097,
    0.018051631318835113,
    0.018081086257902477,
    0.022207249744007222,
    0.021670362983758632,
    0.016190130908328753,
    0.040572490399846665,
    0.03879999011181868,
    0.04112922858733397,
    0.03687102576861015,
    0.04024948537922823
  ],
  "val_dice": [
    0.7375795912742614,
    0.866166067123413,
    0.8197101712226867,
    0.3658134436607361,
    0.8122843837738037,
    0.8651216459274292,
    0.87100266456604,
    0.778883638381958,
    0.8379864549636841,
    0.8825693988800049,
    0.5364647531509399,
    0.3385172063112259,
    0.6553215599060058,
    0.5011486840248108,
    0.293835386633873
  ],
  "val_iou": [
    0.6094059252738953,
    0.7900306797027588,
    0.7401459312438965,
    0.2879871201515198,
    0.7291471767425537,
    0.7924195814132691,
    0.8033454370498657,
    0.7090947723388672,
    0.7571612167358398,
    0.8165460181236267,
    0.41517738938331605,
    0.264384857416153,
    0.5409643745422363,
    0.4005107605457306,
    0.22576151207089423
  ]
}